{"WA": {"bachman": 0.1876624898855198, "perry": 0.25579473143631365, "ronpaul": 0.0, "santorum": 0.15687411263867673, "romney": 0.16193456788508565, "obama": 0.06159474361273197, "gingrich": 0.17613935454167212}, "FL": {"bachman": 0.1336881600422149, "perry": 0.34758921610975874, "ronpaul": 0.08370336002643113, "santorum": 0.13673281793137507, "romney": 0.07010822830239295, "obama": 0.15330072205397902, "gingrich": 0.07487749553384825}, "NH": {"bachman": 0.17529358108524795, "perry": 0.18514153507880118, "ronpaul": 0.09847169296023889, "santorum": 0.055293948396017804, "romney": 0.17045789608979284, "obama": 0.07122880384155608, "gingrich": 0.2441125425483453}, "NJ": {"bachman": 0.0, "perry": 0.0, "ronpaul": 0.0, "santorum": 0.0, "romney": 0.0, "obama": 0.0, "gingrich": 0.0}, "TX": {"bachman": 0.20074848227210462, "perry": 0.2302161493946154, "ronpaul": 0.1379714654791097, "santorum": 0.1327701602328734, "romney": 0.10851269312005656, "obama": 0.10374598567033831, "gingrich": 0.08603506383090198}, "LA": {"bachman": 0.21132448658275352, "perry": 0.2119497069572587, "ronpaul": 0.09867630985062457, "santorum": 0.0, "romney": 0.08779289332298215, "obama": 0.10597485347862935, "gingrich": 0.2842817498077517}, "NC": {"bachman": 0.0, "perry": 0.2751077647807382, "ronpaul": 0.1881689473392062, "santorum": 0.0, "romney": 0.34773621468285304, "obama": 0.0, "gingrich": 0.18898707319720273}, "NY": {"bachman": 0.1767833103834448, "perry": 0.19469907932340316, "ronpaul": 0.11491434209892741, "santorum": 0.1045401306594409, "romney": 0.15010890556227413, "obama": 0.12147679987242296, "gingrich": 0.13747743210008667}, "PA": {"bachman": 0.3298345765285677, "perry": 0.45686546073213774, "ronpaul": 0.0, "santorum": 0.0, "romney": 0.0, "obama": 0.21329996273929455, "gingrich": 0.0}, "NV": {"bachman": 0.270091955101045, "perry": 0.18470804671426305, "ronpaul": 0.25113813369044535, "santorum": 0.0, "romney": 0.11733502967504415, "obama": 0.1767268348192023, "gingrich": 0.0}, "VA": {"bachman": 0.1094751991336476, "perry": 0.202070423428811, "ronpaul": 0.14353414997522687, "santorum": 0.1377927839762178, "romney": 0.21235189311403427, "obama": 0.11878688273811878, "gingrich": 0.07598866763394363}, "CO": {"bachman": 0.2752175314212053, "perry": 0.0, "ronpaul": 0.2555591363196906, "santorum": 0.4692233322591041, "romney": 0.0, "obama": 0.0, "gingrich": 0.0}, "CA": {"bachman": 0.16962988789301436, "perry": 0.22246542674493686, "ronpaul": 0.05300933996656698, "santorum": 0.13217913342312806, "romney": 0.18093854708588197, "obama": 0.09638061812103087, "gingrich": 0.14539704676544088}, "AR": {"bachman": 0.16639854401623594, "perry": 0.24782761874758544, "ronpaul": 0.08925592399338327, "santorum": 0.14651444127215746, "romney": 0.07514772955571947, "obama": 0.11419507922682859, "gingrich": 0.16066066318808989}, "IL": {"bachman": 0.2019724174552888, "perry": 0.16279463527420265, "ronpaul": 0.07538050057327096, "santorum": 0.1972548135439244, "romney": 0.13545819275948692, "obama": 0.08066838643438103, "gingrich": 0.14647105395944524}, "GA": {"bachman": 0.1906401886910996, "perry": 0.19456158497746717, "ronpaul": 0.13307675509281305, "santorum": 0.15886682390924967, "romney": 0.08197528113717283, "obama": 0.06267223328530033, "gingrich": 0.17820713290689746}, "IA": {"bachman": 0.20696594256948112, "perry": 0.147323047789606, "ronpaul": 0.16809318239600948, "santorum": 0.08418459873691772, "romney": 0.10734593934418529, "obama": 0.12785142301940872, "gingrich": 0.15823586614439164}, "AZ": {"bachman": 0.09647653135280572, "perry": 0.26345514330958486, "ronpaul": 0.17947162601002287, "santorum": 0.0, "romney": 0.3341382305389857, "obama": 0.12645846878860073, "gingrich": 0.0}, "MD": {"bachman": 0.11901371851447896, "perry": 0.16222252077769744, "ronpaul": 0.14764600441796233, "santorum": 0.13265070709426302, "romney": 0.1369297621618199, "obama": 0.07812556982238804, "gingrich": 0.22341171721139033}, "MA": {"bachman": 0.14610626759372616, "perry": 0.20162664927934212, "ronpaul": 0.09041553779342695, "santorum": 0.08331679722286864, "romney": 0.25849570420428475, "obama": 0.03160292308453638, "gingrich": 0.18843612082181505}, "OH": {"bachman": 0.1427083352917934, "perry": 0.1941917220742758, "ronpaul": 0.13282377527158257, "santorum": 0.0, "romney": 0.1227291683509423, "obama": 0.1407444591180531, "gingrich": 0.26680253989335284}, "MO": {"bachman": 0.1916639034056688, "perry": 0.17112848518363283, "ronpaul": 0.23858577187427651, "santorum": 0.2068315504377721, "romney": 0.10647994633648267, "obama": 0.08531034276216712, "gingrich": 0.0}, "MI": {"bachman": 0.17710702854993784, "perry": 0.13900508402946474, "ronpaul": 0.033224729386887565, "santorum": 0.2197943636363331, "romney": 0.05639460645932231, "obama": 0.0726438998459067, "gingrich": 0.30183028809214757}, "MT": {"bachman": 0.0, "perry": 0.0, "ronpaul": 0.0, "santorum": 0.0, "romney": 0.0, "obama": 0.0, "gingrich": 0.0}, "MS": {"bachman": 0.1669291615557371, "perry": 0.15118112744670528, "ronpaul": 0.1036112037242506, "santorum": 0.09245307409240823, "romney": 0.09538809231756404, "obama": 0.1832149334148334, "gingrich": 0.2072224074485012}}