{"WA": {"bachman": 0.058823529411764705, "perry": 0.04054054054054054, "ronpaul": 0.02577319587628866, "santorum": 0.039473684210526314, "romney": 0.05555555555555555, "obama": 0.007246376811594203, "gingrich": 0.0297029702970297}, "DE": {"bachman": 0.01098901098901099, "perry": 0.019230769230769232, "ronpaul": 0.01020408163265306, "santorum": 0.017857142857142856, "romney": 0.0, "obama": 0.023809523809523808, "gingrich": 0.018867924528301886}, "WI": {"bachman": 0.011764705882352941, "perry": 0.0, "ronpaul": 0.0, "santorum": 0.02, "romney": 0.007575757575757576, "obama": 0.0, "gingrich": 0.02}, "WV": {"bachman": 0.028169014084507043, "perry": 0.0, "ronpaul": 0.0, "santorum": 0.027777777777777776, "romney": 0.00847457627118644, "obama": 0.0, "gingrich": 0.011627906976744186}, "HI": {"bachman": 0.0, "perry": 0.0, "ronpaul": 0.0, "santorum": 0.0, "romney": 0.0, "obama": 0.0, "gingrich": 0.012048192771084338}, "FL": {"bachman": 0.050666666666666665, "perry": 0.026785714285714284, "ronpaul": 0.01832460732984293, "santorum": 0.011764705882352941, "romney": 0.04976303317535545, "obama": 0.006134969325153374, "gingrich": 0.04358974358974359}, "WY": {"bachman": 0.023255813953488372, "perry": 0.0425531914893617, "ronpaul": 0.03225806451612903, "santorum": 0.0196078431372549, "romney": 0.015037593984962405, "obama": 0.02702702702702703, "gingrich": 0.009900990099009901}, "NH": {"bachman": 0.013513513513513514, "perry": 0.0, "ronpaul": 0.0064516129032258064, "santorum": 0.008849557522123894, "romney": 0.010256410256410256, "obama": 0.010101010101010102, "gingrich": 0.012269938650306749}, "NJ": {"bachman": 0.041176470588235294, "perry": 0.022900763358778626, "ronpaul": 0.011299435028248588, "santorum": 0.022222222222222223, "romney": 0.027649769585253458, "obama": 0.01652892561983471, "gingrich": 0.032432432432432434}, "NM": {"bachman": 0.0, "perry": 0.0, "ronpaul": 0.0, "santorum": 0.0, "romney": 0.0, "obama": 0.0, "gingrich": 0.0}, "TX": {"bachman": 0.04736842105263158, "perry": 0.02932551319648094, "ronpaul": 0.020671834625323, "santorum": 0.017391304347826087, "romney": 0.04449648711943794, "obama": 0.006042296072507553, "gingrich": 0.027848101265822784}, "LA": {"bachman": 0.023622047244094488, "perry": 0.03409090909090909, "ronpaul": 0.029850746268656716, "santorum": 0.021739130434782608, "romney": 0.028735632183908046, "obama": 0.01282051282051282, "gingrich": 0.035211267605633804}, "NC": {"bachman": 0.032467532467532464, "perry": 0.034782608695652174, "ronpaul": 0.012422360248447204, "santorum": 0.04201680672268908, "romney": 0.03482587064676617, "obama": 0.01904761904761905, "gingrich": 0.03550295857988166}, "ND": {"bachman": 0.0, "perry": 0.0, "ronpaul": 0.012345679012345678, "santorum": 0.02564102564102564, "romney": 0.0, "obama": 0.04, "gingrich": 0.011235955056179775}, "TN": {"bachman": 0.047244094488188976, "perry": 0.045454545454545456, "ronpaul": 0.029850746268656716, "santorum": 0.021739130434782608, "romney": 0.05747126436781609, "obama": 0.01282051282051282, "gingrich": 0.04225352112676056}, "NY": {"bachman": 0.05089058524173028, "perry": 0.025423728813559324, "ronpaul": 0.0225, "santorum": 0.01675977653631285, "romney": 0.056818181818181816, "obama": 0.005813953488372093, "gingrich": 0.03431372549019608}, "PA": {"bachman": 0.06593406593406594, "perry": 0.03496503496503497, "ronpaul": 0.021164021164021163, "santorum": 0.027210884353741496, "romney": 0.043668122270742356, "obama": 0.007518796992481203, "gingrich": 0.030456852791878174}, "CA": {"bachman": 0.04567307692307692, "perry": 0.021220159151193633, "ronpaul": 0.016548463356973995, "santorum": 0.01837270341207349, "romney": 0.038876889848812095, "obama": 0.005449591280653951, "gingrich": 0.04640371229698376}, "NV": {"bachman": 0.03361344537815126, "perry": 0.0, "ronpaul": 0.015873015873015872, "santorum": 0.011904761904761904, "romney": 0.030120481927710843, "obama": 0.02857142857142857, "gingrich": 0.029850746268656716}, "VA": {"bachman": 0.0502283105022831, "perry": 0.022222222222222223, "ronpaul": 0.01327433628318584, "santorum": 0.016304347826086956, "romney": 0.03383458646616541, "obama": 0.011764705882352941, "gingrich": 0.038461538461538464}, "CO": {"bachman": 0.04580152671755725, "perry": 0.03260869565217391, "ronpaul": 0.014492753623188406, "santorum": 0.010416666666666666, "romney": 0.033707865168539325, "obama": 0.024390243902439025, "gingrich": 0.0410958904109589}, "AK": {"bachman": 0.012658227848101266, "perry": 0.0, "ronpaul": 0.011627906976744186, "santorum": 0.045454545454545456, "romney": 0.007936507936507936, "obama": 0.03333333333333333, "gingrich": 0.02127659574468085}, "AL": {"bachman": 0.033783783783783786, "perry": 0.03669724770642202, "ronpaul": 0.01935483870967742, "santorum": 0.035398230088495575, "romney": 0.03076923076923077, "obama": 0.010101010101010102, "gingrich": 0.03680981595092025}, "AR": {"bachman": 0.008849557522123894, "perry": 0.013513513513513514, "ronpaul": 0.008333333333333333, "santorum": 0.038461538461538464, "romney": 0.01875, "obama": 0.015625, "gingrich": 0.0390625}, "VT": {"bachman": 0.0, "perry": 0.0, "ronpaul": 0.011904761904761904, "santorum": 0.023809523809523808, "romney": 0.0, "obama": 0.03571428571428571, "gingrich": 0.010869565217391304}, "IL": {"bachman": 0.037209302325581395, "perry": 0.028409090909090908, "ronpaul": 0.03153153153153153, "santorum": 0.027777777777777776, "romney": 0.05725190839694656, "obama": 0.006024096385542169, "gingrich": 0.05217391304347826}, "GA": {"bachman": 0.041237113402061855, "perry": 0.012903225806451613, "ronpaul": 0.01990049751243781, "santorum": 0.05660377358490566, "romney": 0.04979253112033195, "obama": 0.006896551724137931, "gingrich": 0.028708133971291867}, "IN": {"bachman": 0.05755395683453238, "perry": 0.01, "ronpaul": 0.0136986301369863, "santorum": 0.038461538461538464, "romney": 0.03763440860215054, "obama": 0.011111111111111112, "gingrich": 0.025974025974025976}, "IA": {"bachman": 0.035856573705179286, "perry": 0.02830188679245283, "ronpaul": 0.027131782945736434, "santorum": 0.027777777777777776, "romney": 0.040268456375838924, "obama": 0.0049504950495049506, "gingrich": 0.03383458646616541}, "OK": {"bachman": 0.06, "perry": 0.05405405405405406, "ronpaul": 0.01910828025477707, "santorum": 0.043478260869565216, "romney": 0.05583756345177665, "obama": 0.019801980198019802, "gingrich": 0.048484848484848485}, "AZ": {"bachman": 0.027777777777777776, "perry": 0.028368794326241134, "ronpaul": 0.0213903743315508, "santorum": 0.027586206896551724, "romney": 0.02643171806167401, "obama": 0.015267175572519083, "gingrich": 0.046153846153846156}, "ID": {"bachman": 0.03571428571428571, "perry": 0.0273972602739726, "ronpaul": 0.01680672268907563, "santorum": 0.025974025974025976, "romney": 0.012578616352201259, "obama": 0.031746031746031744, "gingrich": 0.03937007874015748}, "CT": {"bachman": 0.028037383177570093, "perry": 0.014705882352941176, "ronpaul": 0.017543859649122806, "santorum": 0.041666666666666664, "romney": 0.03896103896103896, "obama": 0.017241379310344827, "gingrich": 0.03278688524590164}, "ME": {"bachman": 0.05434782608695652, "perry": 0.07547169811320754, "ronpaul": 0.020202020202020204, "santorum": 0.017543859649122806, "romney": 0.03597122302158273, "obama": 0.023255813953488372, "gingrich": 0.037383177570093455}, "MD": {"bachman": 0.03225806451612903, "perry": 0.0, "ronpaul": 0.007633587786259542, "santorum": 0.011235955056179775, "romney": 0.011695906432748537, "obama": 0.013333333333333334, "gingrich": 0.02158273381294964}, "MA": {"bachman": 0.03375527426160337, "perry": 0.025252525252525252, "ronpaul": 0.00819672131147541, "santorum": 0.0049504950495049506, "romney": 0.03169014084507042, "obama": 0.010638297872340425, "gingrich": 0.03968253968253968}, "OH": {"bachman": 0.03076923076923077, "perry": 0.038461538461538464, "ronpaul": 0.024752475247524754, "santorum": 0.03125, "romney": 0.06198347107438017, "obama": 0.00684931506849315, "gingrich": 0.03333333333333333},