{"WA": {"bachman": 0.0, "perry": 0.022727272727272728, "ronpaul": 0.023809523809523808, "santorum": 0.0, "romney": 0.024390243902439025, "obama": 0.0, "gingrich": 0.010638297872340425}, "WI": {"bachman": 0.022222222222222223, "perry": 0.0, "ronpaul": 0.01098901098901099, "santorum": 0.0, "romney": 0.015384615384615385, "obama": 0.0, "gingrich": 0.0099009900990099011}, "WV": {"bachman": 0.0, "perry": 0.020833333333333332, "ronpaul": 0.011363636363636364, "santorum": 0.021739130434782608, "romney": 0.023622047244094488, "obama": 0.0, "gingrich": 0.01020408163265306}, "FL": {"bachman": 0.018867924528301886, "perry": 0.017341040462427744, "ronpaul": 0.014084507042253521, "santorum": 0.017543859649122806, "romney": 0.031746031746031744, "obama": 0.0062111801242236021, "gingrich": 0.022421524663677129}, "WY": {"bachman": 0.0, "perry": 0.0, "ronpaul": 0.013513513513513514, "santorum": 0.0, "romney": 0.0, "obama": 0.0, "gingrich": 0.0}, "NH": {"bachman": 0.0, "perry": 0.027027027027027029, "ronpaul": 0.0, "santorum": 0.0, "romney": 0.0086206896551724137, "obama": 0.0, "gingrich": 0.011494252873563218}, "NJ": {"bachman": 0.056074766355140186, "perry": 0.029411764705882353, "ronpaul": 0.037037037037037035, "santorum": 0.030303030303030304, "romney": 0.027210884353741496, "obama": 0.0, "gingrich": 0.0084745762711864406}, "TX": {"bachman": 0.059760956175298807, "perry": 0.028301886792452831, "ronpaul": 0.0079365079365079361, "santorum": 0.019047619047619049, "romney": 0.054982817869415807, "obama": 0.0050000000000000001, "gingrich": 0.041984732824427481}, "LA": {"bachman": 0.0, "perry": 0.022222222222222223, "ronpaul": 0.0, "santorum": 0.023255813953488372, "romney": 0.0080645161290322578, "obama": 0.0, "gingrich": 0.010526315789473684}, "NC": {"bachman": 0.052287581699346407, "perry": 0.043859649122807015, "ronpaul": 0.025974025974025976, "santorum": 0.035714285714285712, "romney": 0.077720207253886009, "obama": 0.0098039215686274508, "gingrich": 0.042682926829268296}, "TN": {"bachman": 0.0082644628099173556, "perry": 0.0, "ronpaul": 0.016393442622950821, "santorum": 0.0, "romney": 0.0062111801242236021, "obama": 0.0, "gingrich": 0.015151515151515152}, "NY": {"bachman": 0.046153846153846156, "perry": 0.031674208144796379, "ronpaul": 0.019157088122605363, "santorum": 0.013698630136986301, "romney": 0.029999999999999999, "obama": 0.0047846889952153108, "gingrich": 0.025830258302583026}, "PA": {"bachman": 0.066115702479338845, "perry": 0.06097560975609756, "ronpaul": 0.016393442622950821, "santorum": 0.025000000000000001, "romney": 0.043478260869565216, "obama": 0.0, "gingrich": 0.022727272727272728}, "CA": {"bachman": 0.05078125, "perry": 0.018433179723502304, "ronpaul": 0.011673151750972763, "santorum": 0.018604651162790697, "romney": 0.043918918918918921, "obama": 0.0048780487804878049, "gingrich": 0.0449438202247191}, "VA": {"bachman": 0.033333333333333333, "perry": 0.024691358024691357, "ronpaul": 0.024793388429752067, "santorum": 0.0, "romney": 0.018749999999999999, "obama": 0.0, "gingrich": 0.045801526717557252}, "CO": {"bachman": 0.055118110236220472, "perry": 0.034090909090909088, "ronpaul": 0.015625, "santorum": 0.034883720930232558, "romney": 0.035928143712574849, "obama": 0.013157894736842105, "gingrich": 0.050724637681159424}, "AK": {"bachman": 0.0, "perry": 0.0, "ronpaul": 0.0, "santorum": 0.0, "romney": 0.0, "obama": 0.0, "gingrich": 0.012195121951219513}, "AL": {"bachman": 0.021276595744680851, "perry": 0.039215686274509803, "ronpaul": 0.021126760563380281, "santorum": 0.040000000000000001, "romney": 0.038674033149171269, "obama": 0.0, "gingrich": 0.019736842105263157}, "AR": {"bachman": 0.023255813953488372, "perry": 0.021276595744680851, "ronpaul": 0.022988505747126436, "santorum": 0.022222222222222223, "romney": 0.03968253968253968, "obama": 0.0, "gingrich": 0.020618556701030927}, "VT": {"bachman": 0.0, "perry": 0.0, "ronpaul": 0.012500000000000001, "santorum": 0.0, "romney": 0.0084033613445378148, "obama": 0.0, "gingrich": 0.011111111111111112}, "IL": {"bachman": 0.055248618784530384, "perry": 0.063380281690140844, "ronpaul": 0.027472527472527472, "santorum": 0.028571428571428571, "romney": 0.058823529411764705, "obama": 0.0076923076923076927, "gingrich": 0.057291666666666664}, "GA": {"bachman": 0.038461538461538464, "perry": 0.032967032967032968, "ronpaul": 0.045801526717557252, "santorum": 0.033707865168539325, "romney": 0.041176470588235294, "obama": 0.0, "gingrich": 0.021276595744680851}, "IN": {"bachman": 0.029629629629629631, "perry": 0.03125, "ronpaul": 0.044117647058823532, "santorum": 0.010638297872340425, "romney": 0.022857142857142857, "obama": 0.0, "gingrich": 0.041095890410958902}, "IA": {"bachman": 0.033783783783783786, "perry": 0.045871559633027525, "ronpaul": 0.020134228187919462, "santorum": 0.018691588785046728, "romney": 0.021276595744680851, "obama": 0.010309278350515464, "gingrich": 0.050314465408805034}, "OK": {"bachman": 0.057142857142857141, "perry": 0.019801980198019802, "ronpaul": 0.014184397163120567, "santorum": 0.060606060606060608, "romney": 0.033333333333333333, "obama": 0.0, "gingrich": 0.026490066225165563}, "AZ": {"bachman": 0.044247787610619468, "perry": 0.027027027027027029, "ronpaul": 0.017543859649122806, "santorum": 0.041666666666666664, "romney": 0.039215686274509803, "obama": 0.0, "gingrich": 0.040322580645161289}, "CT": {"bachman": 0.0, "perry": 0.0, "ronpaul": 0.012658227848101266, "santorum": 0.0, "romney": 0.0084745762711864406, "obama": 0.0, "gingrich": 0.011235955056179775}, "ME": {"bachman": 0.0, "perry": 0.0, "ronpaul": 0.0, "santorum": 0.0, "romney": 0.0, "obama": 0.0, "gingrich": 0.0}, "MD": {"bachman": 0.0091743119266055051, "perry": 0.028571428571428571, "ronpaul": 0.018181818181818181, "santorum": 0.014705882352941176, "romney": 0.026845637583892617, "obama": 0.0, "gingrich": 0.025000000000000001}, "MA": {"bachman": 0.024, "perry": 0.046511627906976744, "ronpaul": 0.0079365079365079361, "santorum": 0.035714285714285712, "romney": 0.030303030303030304, "obama": 0.0, "gingrich": 0.0073529411764705881}, "OH": {"bachman": 0.043209876543209874, "perry": 0.008130081300813009, "ronpaul": 0.024539877300613498, "santorum": 0.024793388429752067, "romney": 0.034653465346534656, "obama": 0.0, "gingrich": 0.023121387283236993}, "UT": {"bachman": 0.011363636363636364, "perry": 0.0, "ronpaul": 0.011235955056179775, "santorum": 0.021276595744680851, "romney": 0.0078125, "obama": 0.027027027027027029, "gingrich": 0.020202020202020204}, "MO": {"bachman": 0.02247191011235955, "perry": 0.0071942446043165471, "ronpaul": 0.0111731843575419, "santorum": 0.021897810218978103, "romney": 0.01834862385321101, "obama": 0.0, "gingrich": 0.021164021164021163}, "MN": {"bachman": 0.0, "perry": 0.0, "ronpaul": 0.0, "santorum": 0.0, "romney": 0.0074074074074074077, "obama": 0.0, "gingrich": 0.009433962264150943}, "MI": {"bachman": 0.019108280254777069, "perry": 0.033898305084745763, "ronpaul": 0.018987341772151899, "santorum": 0.025862068965517241, "romney": 0.045685279187817257, "obama": 0.0, "gingrich": 0.053571428571428568}, "RI": {"bachman": 0.0, "perry": 0.027027027027027029, "ronpaul": 0.0, "santorum": 0.057142857142857141, "romney": 0.017241379310344827, "obama": 0.0, "gingrich": 0.0}, "KS": {"bachman": 0.010638297872340425, "perry": 0.018181818181818181, "ronpaul": 0.010526315789473684, "santorum": 0.0, "romney": 0.007462686567164179, "obama": 0.0, "gingrich": 0.0095238095238095247}, "MS": {"bachman": 0.03669724770642202, "perry": 0.042857142857142858, "ronpaul": 0.018181818181818181, "santorum": 0.029411764705882353, "romney": 0.053691275167785234, "obama": 0.0, "gingrich": 0.033333333333333333}, "SC": {"bachman": 0.037313432835820892, "perry": 0.052631578947368418, "ronpaul": 0.029629629629629631, "santorum": 0.010752688172043012, "romney": 0.057471264367816091, "obama": 0.0, "gingrich": 0.041379310344827586}, "KY": {"bachman": 0.037735849056603772, "perry": 0.029850746268656716, "ronpaul": 0.028037383177570093,